,VITIS_LOOP_77_1,seq_loop_status1.csv
,VITIS_LOOP_77_1,seq_loop_status2.csv
grp_sha256_top_Pipeline_1_fu_1673,Loop 1,upc_loop_status1.csv
grp_sha256_transform_fu_1679.grp_sha256_transform_Pipeline_VITIS_LOOP_19_2_fu_845,VITIS_LOOP_19_2,upc_loop_status2.csv
grp_sha256_transform_fu_1679.grp_sha256_transform_Pipeline_VITIS_LOOP_33_3_fu_913,VITIS_LOOP_33_3,upc_loop_status3.csv
grp_sha256_final_fu_1750.grp_sha256_final_Pipeline_VITIS_LOOP_103_1_fu_1443,VITIS_LOOP_103_1,upc_loop_status4.csv
grp_sha256_final_fu_1750.grp_sha256_final_Pipeline_VITIS_LOOP_106_2_fu_1558,VITIS_LOOP_106_2,upc_loop_status5.csv
grp_sha256_final_fu_1750.grp_sha256_final_Pipeline_VITIS_LOOP_111_3_fu_1577,VITIS_LOOP_111_3,upc_loop_status6.csv
grp_sha256_final_fu_1750.grp_sha256_transform_fu_1693.grp_sha256_transform_Pipeline_VITIS_LOOP_19_2_fu_845,VITIS_LOOP_19_2,upc_loop_status7.csv
grp_sha256_final_fu_1750.grp_sha256_transform_fu_1693.grp_sha256_transform_Pipeline_VITIS_LOOP_33_3_fu_913,VITIS_LOOP_33_3,upc_loop_status8.csv
grp_sha256_top_Pipeline_VITIS_LOOP_52_4_fu_1824,VITIS_LOOP_52_4,upc_loop_status9.csv
