,AESL_inst_sha256_top,,module_status1.csv
,grp_sha256_top_Pipeline_1_fu_1673,,module_status2.csv
,grp_sha256_transform_fu_1679,,module_status3.csv
grp_sha256_transform_fu_1679,grp_sha256_transform_Pipeline_VITIS_LOOP_19_2_fu_845,,module_status4.csv
grp_sha256_transform_fu_1679,grp_sha256_transform_Pipeline_VITIS_LOOP_33_3_fu_913,,module_status5.csv
,grp_sha256_final_fu_1750,,module_status6.csv
grp_sha256_final_fu_1750,grp_sha256_final_Pipeline_VITIS_LOOP_103_1_fu_1443,,module_status7.csv
grp_sha256_final_fu_1750,grp_sha256_final_Pipeline_VITIS_LOOP_106_2_fu_1558,,module_status8.csv
grp_sha256_final_fu_1750,grp_sha256_final_Pipeline_VITIS_LOOP_111_3_fu_1577,,module_status9.csv
grp_sha256_final_fu_1750,grp_sha256_transform_fu_1693,,module_status10.csv
grp_sha256_final_fu_1750.grp_sha256_transform_fu_1693,grp_sha256_transform_Pipeline_VITIS_LOOP_19_2_fu_845,,module_status11.csv
grp_sha256_final_fu_1750.grp_sha256_transform_fu_1693,grp_sha256_transform_Pipeline_VITIS_LOOP_33_3_fu_913,,module_status12.csv
,grp_sha256_top_Pipeline_VITIS_LOOP_52_4_fu_1824,,module_status13.csv
